<?xml version="1.0" encoding="UTF-8"?>
<!DOCTYPE html PUBLIC "-//W3C//DTD XHTML 1.0 Transitional//EN" "xhtml1-transitional.dtd"><!-- saved from url=(0013)about:internet -->
<?xml-stylesheet type="text/xsl" href="mathml.xsl"?><html xmlns="http://www.w3.org/1999/xhtml" xmlns:pref="http://www.w3.org/2002/Math/preference" pref:renderer="mathplayer-dl"><head><meta http-equiv="Content-Type" content="text/html; charset=UTF-8" /><link rel="stylesheet" type="text/css" href="opengl-man.css" /><title>glBindVertexArray - OpenGL 3.3 Reference Pages</title><meta name="generator" content="DocBook XSL Stylesheets V1.78.1" /></head><body><div class="refentry"><a id="glBindVertexArray"></a><div class="titlepage"></div><div class="refnamediv"><h2>Name</h2><p>glBindVertexArray — bind a vertex array object</p></div><div class="refsynopsisdiv"><h2>C Specification</h2><div class="funcsynopsis"><table border="0" class="funcprototype-table" summary="Function synopsis" style="cellspacing: 0; cellpadding: 0;"><tr><td><code class="funcdef">void <strong class="fsfunc">glBindVertexArray</strong>(</code></td><td>GLuint <var class="pdparam">array</var><code>)</code>;</td></tr></table><div class="funcprototype-spacer"> </div></div></div><div class="refsect1"><a id="parameters"></a><h2>Parameters</h2><div class="variablelist"><dl class="variablelist"><dt><span class="term"><em class="parameter"><code>array</code></em></span></dt><dd><p>
                    Specifies the name of the vertex array to bind.
                </p></dd></dl></div></div><div class="refsect1"><a id="description"></a><h2>Description</h2><p>
            <code class="function">glBindVertexArray</code> binds the vertex array object with name <em class="parameter"><code>array</code></em>. <em class="parameter"><code>array</code></em>
            is the name of a vertex array object previously returned from a call to <a class="citerefentry" href="glGenVertexArrays.xml"><span class="citerefentry"><span class="refentrytitle">glGenVertexArrays</span></span></a>,
            or zero to break the existing vertex array object binding.
        </p><p>
            If no vertex array object with name <em class="parameter"><code>array</code></em> exists, one is created when <em class="parameter"><code>array</code></em> is first bound. If the bind
            is successful no change is made to the state of the vertex array object, and any previous vertex array object binding is broken.
        </p></div><div class="refsect1"><a id="errors"></a><h2>Errors</h2><p>
            <code class="constant">GL_INVALID_OPERATION</code> is generated if <em class="parameter"><code>array</code></em> is not zero or the name of a vertex array object
            previously returned from a call to <a class="citerefentry" href="glGenVertexArrays.xml"><span class="citerefentry"><span class="refentrytitle">glGenVertexArrays</span></span></a>.
        </p></div><div class="refsect1"><a id="seealso"></a><h2>See Also</h2><p>
            <a class="citerefentry" href="glGenVertexArrays.xml"><span class="citerefentry"><span class="refentrytitle">glGenVertexArrays</span></span></a>,
            <a class="citerefentry" href="glDeleteVertexArrays.xml"><span class="citerefentry"><span class="refentrytitle">glDeleteVertexArrays</span></span></a>
            <a class="citerefentry" href="glVertexAttribPointer.xml"><span class="citerefentry"><span class="refentrytitle">glVertexAttribPointer</span></span></a>
            <a class="citerefentry" href="glEnableVertexAttribArray.xml"><span class="citerefentry"><span class="refentrytitle">glEnableVertexAttribArray</span></span></a>
            </p></div><div class="refsect1"><a id="Copyright"></a><h2>Copyright</h2><p>
            Copyright <span class="trademark"></span>© 2010 Khronos Group.
            This material may be distributed subject to the terms and conditions set forth in
            the Open Publication License, v 1.0, 8 June 1999.
            <a class="ulink" href="http://opencontent.org/openpub/" target="_top">http://opencontent.org/openpub/</a>.
        </p></div></div></body></html>