<?xml version="1.0" encoding="UTF-8"?>
<!DOCTYPE html PUBLIC "-//W3C//DTD XHTML 1.0 Transitional//EN" "xhtml1-transitional.dtd"><!-- saved from url=(0013)about:internet -->
<?xml-stylesheet type="text/xsl" href="mathml.xsl"?><html xmlns="http://www.w3.org/1999/xhtml" xmlns:pref="http://www.w3.org/2002/Math/preference" pref:renderer="mathplayer-dl"><head><meta http-equiv="Content-Type" content="text/html; charset=UTF-8" /><link rel="stylesheet" type="text/css" href="opengl-man.css" /><title>glClampColor - OpenGL 3.3 Reference Pages</title><meta name="generator" content="DocBook XSL Stylesheets V1.78.1" /></head><body><div class="refentry"><a id="glClampColor"></a><div class="titlepage"></div><div class="refnamediv"><h2>Name</h2><p>glClampColor — specify whether data read via <a class="citerefentry" href="glReadPixels.xml"><span class="citerefentry"><span class="refentrytitle">glReadPixels</span></span></a> should be clamped</p></div><div class="refsynopsisdiv"><h2>C Specification</h2><div class="funcsynopsis"><table border="0" class="funcprototype-table" summary="Function synopsis" style="cellspacing: 0; cellpadding: 0;"><tr><td><code class="funcdef">void <strong class="fsfunc">glClampColor</strong>(</code></td><td>GLenum <var class="pdparam">target</var>, </td></tr><tr><td> </td><td>GLenum <var class="pdparam">clamp</var><code>)</code>;</td></tr></table><div class="funcprototype-spacer"> </div></div></div><div class="refsect1"><a id="parameters"></a><h2>Parameters</h2><div class="variablelist"><dl class="variablelist"><dt><span class="term"><em class="parameter"><code>target</code></em></span></dt><dd><p>
                    Target for color clamping. <em class="parameter"><code>target</code></em> must be <code class="constant">GL_CLAMP_READ_COLOR</code>.
                </p></dd><dt><span class="term"><em class="parameter"><code>clamp</code></em></span></dt><dd><p>
                    Specifies whether to apply color clamping. <em class="parameter"><code>clamp</code></em> must be <code class="constant">GL_TRUE</code> or <code class="constant">GL_FALSE</code>.
                </p></dd></dl></div></div><div class="refsect1"><a id="description"></a><h2>Description</h2><p>
            <code class="function">glClampColor</code> controls color clamping that is performed during <a class="citerefentry" href="glReadPixels.xml"><span class="citerefentry"><span class="refentrytitle">glReadPixels</span></span></a>.
            <em class="parameter"><code>target</code></em> must be <code class="constant">GL_CLAMP_READ_COLOR</code>. If <em class="parameter"><code>clamp</code></em> is <code class="constant">GL_TRUE</code>,
            read color clamping is enabled; if <em class="parameter"><code>clamp</code></em> is <code class="constant">GL_FALSE</code>, read color clamping is disabled. If
            <em class="parameter"><code>clamp</code></em> is <code class="constant">GL_FIXED_ONLY</code>, read color clamping is enabled only if the selected read buffer has
            fixed point components and disabled otherwise.
        </p></div><div class="refsect1"><a id="errors"></a><h2>Errors</h2><p>
            <code class="constant">GL_INVALID_ENUM</code> is generated if <em class="parameter"><code>target</code></em> is not
            <code class="constant">GL_CLAMP_READ_COLOR</code>.
        </p><p>
            <code class="constant">GL_INVALID_ENUM</code> is generated if <em class="parameter"><code>clamp</code></em> is not <code class="constant">GL_TRUE</code> or <code class="constant">GL_FALSE</code>.
        </p></div><div class="refsect1"><a id="associatedgets"></a><h2>Associated Gets</h2><p>
            <a class="citerefentry" href="glGet.xml"><span class="citerefentry"><span class="refentrytitle">glGet</span></span></a> with argument <code class="constant">GL_CLAMP_READ_COLOR</code>.
        </p></div><div class="refsect1"><a id="Copyright"></a><h2>Copyright</h2><p>
            Copyright <span class="trademark"></span>© 2010 Khronos Group. 
            This material may be distributed subject to the terms and conditions set forth in 
            the Open Publication License, v 1.0, 8 June 1999.
            <a class="ulink" href="http://opencontent.org/openpub/" target="_top">http://opencontent.org/openpub/</a>.
        </p></div></div></body></html>