<?xml version="1.0" encoding="UTF-8"?>
<!DOCTYPE html PUBLIC "-//W3C//DTD XHTML 1.0 Transitional//EN" "xhtml1-transitional.dtd"><!-- saved from url=(0013)about:internet -->
<?xml-stylesheet type="text/xsl" href="mathml.xsl"?><html xmlns="http://www.w3.org/1999/xhtml" xmlns:pref="http://www.w3.org/2002/Math/preference" pref:renderer="mathplayer-dl"><head><meta http-equiv="Content-Type" content="text/html; charset=UTF-8" /><link rel="stylesheet" type="text/css" href="opengl-man.css" /><title>glClearStencil - OpenGL 3.3 Reference Pages</title><meta name="generator" content="DocBook XSL Stylesheets V1.78.1" /></head><body><div class="refentry"><a id="glClearStencil"></a><div class="titlepage"></div><div class="refnamediv"><h2>Name</h2><p>glClearStencil — specify the clear value for the stencil buffer</p></div><div class="refsynopsisdiv"><h2>C Specification</h2><div class="funcsynopsis"><table border="0" class="funcprototype-table" summary="Function synopsis" style="cellspacing: 0; cellpadding: 0;"><tr><td><code class="funcdef">void <strong class="fsfunc">glClearStencil</strong>(</code></td><td>GLint <var class="pdparam">s</var><code>)</code>;</td></tr></table><div class="funcprototype-spacer"> </div></div></div><div class="refsect1"><a id="parameters"></a><h2>Parameters</h2><div class="variablelist"><dl class="variablelist"><dt><span class="term"><em class="parameter"><code>s</code></em></span></dt><dd><p>
                    Specifies the index used when the stencil buffer is cleared.
                    The initial value is 0.
                </p></dd></dl></div></div><div class="refsect1"><a id="description"></a><h2>Description</h2><p>
            <code class="function">glClearStencil</code> specifies the index used by <a class="citerefentry" href="glClear.xml"><span class="citerefentry"><span class="refentrytitle">glClear</span></span></a> to clear the stencil buffer.
            <em class="parameter"><code>s</code></em> is masked with 
            <mml:math xmlns:mml="http://www.w3.org/1998/Math/MathML" overflow="scroll">
                
                <mml:mrow>
                    <mml:msup><mml:mn>2</mml:mn>
                    <mml:mi mathvariant="italic">m</mml:mi>
                    </mml:msup>
                    <mml:mo>-</mml:mo>
                    <mml:mn>1</mml:mn>
                </mml:mrow>
            </mml:math>,
            where 
            <mml:math xmlns:mml="http://www.w3.org/1998/Math/MathML" overflow="scroll"><mml:mi mathvariant="italic">m</mml:mi></mml:math>
            is the number of bits in the stencil buffer.
        </p></div><div class="refsect1"><a id="associatedgets"></a><h2>Associated Gets</h2><p>
            <a class="citerefentry" href="glGet.xml"><span class="citerefentry"><span class="refentrytitle">glGet</span></span></a> with argument <code class="constant">GL_STENCIL_CLEAR_VALUE</code>
        </p><p>
            <a class="citerefentry" href="glGet.xml"><span class="citerefentry"><span class="refentrytitle">glGet</span></span></a> with argument <code class="constant">GL_STENCIL_BITS</code>
        </p></div><div class="refsect1"><a id="seealso"></a><h2>See Also</h2><p>
            <a class="citerefentry" href="glClear.xml"><span class="citerefentry"><span class="refentrytitle">glClear</span></span></a>,
            <a class="citerefentry" href="glStencilFunc.xml"><span class="citerefentry"><span class="refentrytitle">glStencilFunc</span></span></a>,
            <a class="citerefentry" href="glStencilFuncSeparate.xml"><span class="citerefentry"><span class="refentrytitle">glStencilFuncSeparate</span></span></a>,
            <a class="citerefentry" href="glStencilMask.xml"><span class="citerefentry"><span class="refentrytitle">glStencilMask</span></span></a>,
            <a class="citerefentry" href="glStencilMaskSeparate.xml"><span class="citerefentry"><span class="refentrytitle">glStencilMaskSeparate</span></span></a>,
            <a class="citerefentry" href="glStencilOp.xml"><span class="citerefentry"><span class="refentrytitle">glStencilOp</span></span></a>,
            <a class="citerefentry" href="glStencilOpSeparate.xml"><span class="citerefentry"><span class="refentrytitle">glStencilOpSeparate</span></span></a>
        </p></div><div class="refsect1"><a id="Copyright"></a><h2>Copyright</h2><p>
            Copyright <span class="trademark"></span>© 1991-2006
            Silicon Graphics, Inc. This document is licensed under the SGI
            Free Software B License. For details, see
            <a class="ulink" href="http://oss.sgi.com/projects/FreeB/" target="_top">http://oss.sgi.com/projects/FreeB/</a>.
        </p></div></div></body></html>