<?xml version="1.0" encoding="UTF-8"?>
<!DOCTYPE html PUBLIC "-//W3C//DTD XHTML 1.0 Transitional//EN" "xhtml1-transitional.dtd"><!-- saved from url=(0013)about:internet -->
<?xml-stylesheet type="text/xsl" href="mathml.xsl"?><html xmlns="http://www.w3.org/1999/xhtml" xmlns:pref="http://www.w3.org/2002/Math/preference" pref:renderer="mathplayer-dl"><head><meta http-equiv="Content-Type" content="text/html; charset=UTF-8" /><link rel="stylesheet" type="text/css" href="opengl-man.css" /><title>glCompressedTexImage1D - OpenGL 3.3 Reference Pages</title><meta name="generator" content="DocBook XSL Stylesheets V1.78.1" /></head><body><div class="refentry"><a id="glCompressedTexImage1D"></a><div class="titlepage"></div><div class="refnamediv"><h2>Name</h2><p>glCompressedTexImage1D — specify a one-dimensional texture image in a compressed format</p></div><div class="refsynopsisdiv"><h2>C Specification</h2><div class="funcsynopsis"><table border="0" class="funcprototype-table" summary="Function synopsis" style="cellspacing: 0; cellpadding: 0;"><tr><td><code class="funcdef">void <strong class="fsfunc">glCompressedTexImage1D</strong>(</code></td><td>GLenum <var class="pdparam">target</var>, </td></tr><tr><td> </td><td>GLint <var class="pdparam">level</var>, </td></tr><tr><td> </td><td>GLenum <var class="pdparam">internalformat</var>, </td></tr><tr><td> </td><td>GLsizei <var class="pdparam">width</var>, </td></tr><tr><td> </td><td>GLint <var class="pdparam">border</var>, </td></tr><tr><td> </td><td>GLsizei <var class="pdparam">imageSize</var>, </td></tr><tr><td> </td><td>const GLvoid * <var class="pdparam">data</var><code>)</code>;</td></tr></table><div class="funcprototype-spacer"> </div></div></div><div class="refsect1"><a id="parameters"></a><h2>Parameters</h2><div class="variablelist"><dl class="variablelist"><dt><span class="term"><em class="parameter"><code>target</code></em></span></dt><dd><p>
                    Specifies the target texture.
                    Must be <code class="constant">GL_TEXTURE_1D</code> or <code class="constant">GL_PROXY_TEXTURE_1D</code>.
                </p></dd><dt><span class="term"><em class="parameter"><code>level</code></em></span></dt><dd><p>
                    Specifies the level-of-detail number.
                    Level 0 is the base image level.
                    Level <span class="emphasis"><em>n</em></span> is the <span class="emphasis"><em>n</em></span>th mipmap reduction image.
                </p></dd><dt><span class="term"><em class="parameter"><code>internalformat</code></em></span></dt><dd><p>
                    Specifies the format of the compressed image data stored at address <em class="parameter"><code>data</code></em>.
                </p></dd><dt><span class="term"><em class="parameter"><code>width</code></em></span></dt><dd><p>
                    Specifies the width of the texture image.
                    All implementations support texture images that are at least 64 texels wide. The height of the 1D texture image is 1.
                </p></dd><dt><span class="term"><em class="parameter"><code>border</code></em></span></dt><dd><p>
                    This value must be 0.
                </p></dd><dt><span class="term"><em class="parameter"><code>imageSize</code></em></span></dt><dd><p>
                    Specifies the number of unsigned bytes of image data starting at the address specified by <em class="parameter"><code>data</code></em>.
                </p></dd><dt><span class="term"><em class="parameter"><code>data</code></em></span></dt><dd><p>
                    Specifies a pointer to the compressed image data in memory.
                </p></dd></dl></div></div><div class="refsect1"><a id="description"></a><h2>Description</h2><p>
            Texturing allows elements of an image array to be read by shaders.
        </p><p>
            <code class="function">glCompressedTexImage1D</code> loads a previously defined, and retrieved, compressed
            one-dimensional texture image if <em class="parameter"><code>target</code></em> is <code class="constant">GL_TEXTURE_1D</code>
            (see <a class="citerefentry" href="glTexImage1D.xml"><span class="citerefentry"><span class="refentrytitle">glTexImage1D</span></span></a>).
        </p><p>
            If <em class="parameter"><code>target</code></em> is <code class="constant">GL_PROXY_TEXTURE_1D</code>, no data is read from <em class="parameter"><code>data</code></em>, but
            all of the texture image state is recalculated, checked for consistency, and checked against the implementation's capabilities.  If the implementation cannot handle a texture of the requested texture size, it sets all of the image state to 0, but does not generate an error (see <a class="citerefentry" href="glGetError.xml"><span class="citerefentry"><span class="refentrytitle">glGetError</span></span></a>). To query for an entire mipmap array, use an image array level greater than or equal to 1.
        </p><p>
            <em class="parameter"><code>internalformat</code></em> must be an extension-specified compressed-texture format.
            When a texture is loaded with
            <a class="citerefentry" href="glTexImage1D.xml"><span class="citerefentry"><span class="refentrytitle">glTexImage1D</span></span></a> using a generic compressed  texture format
            (e.g., <code class="constant">GL_COMPRESSED_RGB</code>) the GL selects from one of
            its extensions supporting compressed textures.  In order to load the
            compressed texture image using <code class="function">glCompressedTexImage1D</code>, query the compressed texture image's size and
            format using <a class="citerefentry" href="glGetTexLevelParameter.xml"><span class="citerefentry"><span class="refentrytitle">glGetTexLevelParameter</span></span></a>.
        </p><p>
            If a non-zero named buffer object is bound to the <code class="constant">GL_PIXEL_UNPACK_BUFFER</code> target 
            (see <a class="citerefentry" href="glBindBuffer.xml"><span class="citerefentry"><span class="refentrytitle">glBindBuffer</span></span></a>) while a texture image is
            specified, <em class="parameter"><code>data</code></em> is treated as a byte offset into the buffer object's data store.
        </p></div><div class="refsect1"><a id="errors"></a><h2>Errors</h2><p>
          <code class="constant">GL_INVALID_ENUM</code> is generated if <em class="parameter"><code>internalformat</code></em> is not
          a supported specific compressed internal formats, or is one of the generic
          compressed internal formats:
          <code class="constant">GL_COMPRESSED_RED</code>,
          <code class="constant">GL_COMPRESSED_RG</code>,
          <code class="constant">GL_COMPRESSED_RGB</code>,
          <code class="constant">GL_COMPRESSED_RGBA</code>.
          <code class="constant">GL_COMPRESSED_SRGB</code>, or
          <code class="constant">GL_COMPRESSED_SRGB_ALPHA</code>.
        </p><p>
            <code class="constant">GL_INVALID_VALUE</code> is generated if <em class="parameter"><code>imageSize</code></em> is not consistent with
            the format, dimensions, and contents of the specified compressed image data.
        </p><p>
            <code class="constant">GL_INVALID_VALUE</code> is generated if <em class="parameter"><code>border</code></em> is not 0.
        </p><p>
            <code class="constant">GL_INVALID_OPERATION</code> is generated if parameter combinations are not
            supported by the specific compressed internal format as specified in the
            specific texture compression extension.
        </p><p>
            <code class="constant">GL_INVALID_OPERATION</code> is generated if a non-zero buffer object name is bound to the
            <code class="constant">GL_PIXEL_UNPACK_BUFFER</code> target and the buffer object's data store is currently mapped.
        </p><p>
            <code class="constant">GL_INVALID_OPERATION</code> is generated if a non-zero buffer object name is bound to the
            <code class="constant">GL_PIXEL_UNPACK_BUFFER</code> target and the data would be unpacked from the buffer 
            object such that the memory reads required would exceed the data store size.
        </p><p>
            Undefined results, including abnormal program termination, are generated if
            <em class="parameter"><code>data</code></em> is not encoded in a manner consistent with the extension
            specification defining the internal compression format.
        </p></div><div class="refsect1"><a id="associatedgets"></a><h2>Associated Gets</h2><p>
            <a class="citerefentry" href="glGetCompressedTexImage.xml"><span class="citerefentry"><span class="refentrytitle">glGetCompressedTexImage</span></span></a>
        </p><p>
            <a class="citerefentry" href="glGet.xml"><span class="citerefentry"><span class="refentrytitle">glGet</span></span></a> with argument <code class="constant">GL_TEXTURE_COMPRESSED</code>
        </p><p>
            <a class="citerefentry" href="glGet.xml"><span class="citerefentry"><span class="refentrytitle">glGet</span></span></a> with argument <code class="constant">GL_NUM_COMPRESSED_TEXTURE_FORMATS</code>
        </p><p>
            <a class="citerefentry" href="glGet.xml"><span class="citerefentry"><span class="refentrytitle">glGet</span></span></a> with argument <code class="constant">GL_COMPRESSED_TEXTURE_FORMATS</code>
        </p><p>
            <a class="citerefentry" href="glGet.xml"><span class="citerefentry"><span class="refentrytitle">glGet</span></span></a> with argument <code class="constant">GL_PIXEL_UNPACK_BUFFER_BINDING</code>
        </p><p>
            <a class="citerefentry" href="glGetTexLevelParameter.xml"><span class="citerefentry"><span class="refentrytitle">glGetTexLevelParameter</span></span></a> with arguments <code class="constant">GL_TEXTURE_INTERNAL_FORMAT</code>
            and <code class="constant">GL_TEXTURE_COMPRESSED_IMAGE_SIZE</code>
        </p></div><div class="refsect1"><a id="seealso"></a><h2>See Also</h2><p>
            <a class="citerefentry" href="glActiveTexture.xml"><span class="citerefentry"><span class="refentrytitle">glActiveTexture</span></span></a>,
            <a class="citerefentry" href="glCompressedTexImage2D.xml"><span class="citerefentry"><span class="refentrytitle">glCompressedTexImage2D</span></span></a>,
            <a class="citerefentry" href="glCompressedTexImage3D.xml"><span class="citerefentry"><span class="refentrytitle">glCompressedTexImage3D</span></span></a>,
            <a class="citerefentry" href="glCompressedTexSubImage1D.xml"><span class="citerefentry"><span class="refentrytitle">glCompressedTexSubImage1D</span></span></a>,
            <a class="citerefentry" href="glCompressedTexSubImage2D.xml"><span class="citerefentry"><span class="refentrytitle">glCompressedTexSubImage2D</span></span></a>,
            <a class="citerefentry" href="glCompressedTexSubImage3D.xml"><span class="citerefentry"><span class="refentrytitle">glCompressedTexSubImage3D</span></span></a>,
            <a class="citerefentry" href="glCopyTexImage1D.xml"><span class="citerefentry"><span class="refentrytitle">glCopyTexImage1D</span></span></a>,
            <a class="citerefentry" href="glCopyTexImage2D.xml"><span class="citerefentry"><span class="refentrytitle">glCopyTexImage2D</span></span></a>,
            <a class="citerefentry" href="glCopyTexSubImage1D.xml"><span class="citerefentry"><span class="refentrytitle">glCopyTexSubImage1D</span></span></a>,
            <a class="citerefentry" href="glCopyTexSubImage2D.xml"><span class="citerefentry"><span class="refentrytitle">glCopyTexSubImage2D</span></span></a>,
            <a class="citerefentry" href="glCopyTexSubImage3D.xml"><span class="citerefentry"><span class="refentrytitle">glCopyTexSubImage3D</span></span></a>,
            <a class="citerefentry" href="glPixelStore.xml"><span class="citerefentry"><span class="refentrytitle">glPixelStore</span></span></a>,
            <a class="citerefentry" href="glTexImage2D.xml"><span class="citerefentry"><span class="refentrytitle">glTexImage2D</span></span></a>,
            <a class="citerefentry" href="glTexImage3D.xml"><span class="citerefentry"><span class="refentrytitle">glTexImage3D</span></span></a>,
            <a class="citerefentry" href="glTexSubImage1D.xml"><span class="citerefentry"><span class="refentrytitle">glTexSubImage1D</span></span></a>,
            <a class="citerefentry" href="glTexSubImage2D.xml"><span class="citerefentry"><span class="refentrytitle">glTexSubImage2D</span></span></a>,
            <a class="citerefentry" href="glTexSubImage3D.xml"><span class="citerefentry"><span class="refentrytitle">glTexSubImage3D</span></span></a>,
            <a class="citerefentry" href="glTexParameter.xml"><span class="citerefentry"><span class="refentrytitle">glTexParameter</span></span></a>
        </p></div><div class="refsect1"><a id="Copyright"></a><h2>Copyright</h2><p>
            Copyright <span class="trademark"></span>© 1991-2006
            Silicon Graphics, Inc. This document is licensed under the SGI
            Free Software B License. For details, see
            <a class="ulink" href="http://oss.sgi.com/projects/FreeB/" target="_top">http://oss.sgi.com/projects/FreeB/</a>.
        </p></div></div></body></html>