<?xml version="1.0" encoding="UTF-8"?>
<!DOCTYPE html PUBLIC "-//W3C//DTD XHTML 1.0 Transitional//EN" "xhtml1-transitional.dtd"><!-- saved from url=(0013)about:internet -->
<?xml-stylesheet type="text/xsl" href="mathml.xsl"?><html xmlns="http://www.w3.org/1999/xhtml" xmlns:pref="http://www.w3.org/2002/Math/preference" pref:renderer="mathplayer-dl"><head><meta http-equiv="Content-Type" content="text/html; charset=UTF-8" /><link rel="stylesheet" type="text/css" href="opengl-man.css" /><title>glDeleteSamplers - OpenGL 3.3 Reference Pages</title><meta name="generator" content="DocBook XSL Stylesheets V1.78.1" /></head><body><div class="refentry"><a id="glDeleteSamplers"></a><div class="titlepage"></div><div class="refnamediv"><h2>Name</h2><p>glDeleteSamplers — delete named sampler objects</p></div><div class="refsynopsisdiv"><h2>C Specification</h2><div class="funcsynopsis"><table border="0" class="funcprototype-table" summary="Function synopsis" style="cellspacing: 0; cellpadding: 0;"><tr><td><code class="funcdef">void <strong class="fsfunc">glDeleteSamplers</strong>(</code></td><td>GLsizei <var class="pdparam">n</var>, </td></tr><tr><td> </td><td>const GLuint * <var class="pdparam">samplers</var><code>)</code>;</td></tr></table><div class="funcprototype-spacer"> </div></div></div><div class="refsect1"><a id="parameters"></a><h2>Parameters</h2><div class="variablelist"><dl class="variablelist"><dt><span class="term"><em class="parameter"><code>n</code></em></span></dt><dd><p>
                    Specifies the number of sampler objects to be deleted.
                </p></dd><dt><span class="term"><em class="parameter"><code>samplers</code></em></span></dt><dd><p>
                    Specifies an array of sampler objects to be deleted.
                </p></dd></dl></div></div><div class="refsect1"><a id="description"></a><h2>Description</h2><p>
            <code class="function">glDeleteSamplers</code> deletes <em class="parameter"><code>n</code></em> sampler objects named by the elements of the array <em class="parameter"><code>samplers</code></em>.
            After a sampler object is deleted, its name is again unused. If a sampler object that is currently bound to a sampler unit is deleted, it is as
            though <a class="citerefentry" href="glBindSampler.xml"><span class="citerefentry"><span class="refentrytitle">glBindSampler</span></span></a> is called with unit set to the unit the sampler is bound to and
            sampler zero. Unused names in samplers are silently ignored, as is the reserved name zero.
        </p></div><div class="refsect1"><a id="notes"></a><h2>Notes</h2><p>
            <code class="function">glDeleteSamplers</code> is available only if the GL version is 3.3 or higher.
        </p></div><div class="refsect1"><a id="errors"></a><h2>Errors</h2><p>
            <code class="constant">GL_INVALID_VALUE</code> is generated if <em class="parameter"><code>n</code></em> is negative.
        </p></div><div class="refsect1"><a id="associatedgets"></a><h2>Associated Gets</h2><p>
            <a class="citerefentry" href="glIsSampler.xml"><span class="citerefentry"><span class="refentrytitle">glIsSampler</span></span></a>
        </p></div><div class="refsect1"><a id="seealso"></a><h2>See Also</h2><p>
            <a class="citerefentry" href="glGenSamplers.xml"><span class="citerefentry"><span class="refentrytitle">glGenSamplers</span></span></a>,
            <a class="citerefentry" href="glBindSampler.xml"><span class="citerefentry"><span class="refentrytitle">glBindSampler</span></span></a>,
            <a class="citerefentry" href="glDeleteSamplers.xml"><span class="citerefentry"><span class="refentrytitle">glDeleteSamplers</span></span></a>,
            <a class="citerefentry" href="glIsSampler.xml"><span class="citerefentry"><span class="refentrytitle">glIsSampler</span></span></a>
        </p></div><div class="refsect1"><a id="Copyright"></a><h2>Copyright</h2><p>
            Copyright <span class="trademark"></span>© 2010 Khronos Group. 
            This material may be distributed subject to the terms and conditions set forth in 
            the Open Publication License, v 1.0, 8 June 1999.
            <a class="ulink" href="http://opencontent.org/openpub/" target="_top">http://opencontent.org/openpub/</a>.
        </p></div></div></body></html>