<?xml version="1.0" encoding="UTF-8"?>
<!DOCTYPE html PUBLIC "-//W3C//DTD XHTML 1.0 Transitional//EN" "xhtml1-transitional.dtd"><!-- saved from url=(0013)about:internet -->
<?xml-stylesheet type="text/xsl" href="mathml.xsl"?><html xmlns="http://www.w3.org/1999/xhtml" xmlns:pref="http://www.w3.org/2002/Math/preference" pref:renderer="mathplayer-dl"><head><meta http-equiv="Content-Type" content="text/html; charset=UTF-8" /><link rel="stylesheet" type="text/css" href="opengl-man.css" /><title>glDepthMask - OpenGL 3.3 Reference Pages</title><meta name="generator" content="DocBook XSL Stylesheets V1.78.1" /></head><body><div class="refentry"><a id="glDepthMask"></a><div class="titlepage"></div><div class="refnamediv"><h2>Name</h2><p>glDepthMask — enable or disable writing into the depth buffer</p></div><div class="refsynopsisdiv"><h2>C Specification</h2><div class="funcsynopsis"><table border="0" class="funcprototype-table" summary="Function synopsis" style="cellspacing: 0; cellpadding: 0;"><tr><td><code class="funcdef">void <strong class="fsfunc">glDepthMask</strong>(</code></td><td>GLboolean <var class="pdparam">flag</var><code>)</code>;</td></tr></table><div class="funcprototype-spacer"> </div></div></div><div class="refsect1"><a id="parameters"></a><h2>Parameters</h2><div class="variablelist"><dl class="variablelist"><dt><span class="term"><em class="parameter"><code>flag</code></em></span></dt><dd><p>
                    Specifies whether the depth buffer is enabled for writing.
                    If <em class="parameter"><code>flag</code></em> is <code class="constant">GL_FALSE</code>,
                    depth buffer writing is disabled.
                    Otherwise, it is enabled.
                    Initially, depth buffer writing is enabled.
                </p></dd></dl></div></div><div class="refsect1"><a id="description"></a><h2>Description</h2><p>
            <code class="function">glDepthMask</code> specifies whether the depth buffer is enabled for writing.
            If <em class="parameter"><code>flag</code></em> is <code class="constant">GL_FALSE</code>,
            depth buffer writing is disabled.
            Otherwise, it is enabled.
            Initially, depth buffer writing is enabled.
        </p></div><div class="refsect1"><a id="associatedgets"></a><h2>Associated Gets</h2><p>
            <a class="citerefentry" href="glGet.xml"><span class="citerefentry"><span class="refentrytitle">glGet</span></span></a> with argument <code class="constant">GL_DEPTH_WRITEMASK</code>
        </p></div><div class="refsect1"><a id="notes"></a><h2>Notes</h2><p>
            Even if the depth buffer exists and the depth mask is non-zero, the
            depth buffer is not updated if the depth test is disabled. In order to
            unconditionally write to the depth buffer, the depth test should be enabled
            and set to <code class="constant">GL_ALWAYS</code> (see <a class="citerefentry" href="glDepthFunc.xml"><span class="citerefentry"><span class="refentrytitle">glDepthFunc</span></span></a>).
        </p></div><div class="refsect1"><a id="seealso"></a><h2>See Also</h2><p>
            <a class="citerefentry" href="glColorMask.xml"><span class="citerefentry"><span class="refentrytitle">glColorMask</span></span></a>,
            <a class="citerefentry" href="glDepthFunc.xml"><span class="citerefentry"><span class="refentrytitle">glDepthFunc</span></span></a>,
            <a class="citerefentry" href="glDepthRange.xml"><span class="citerefentry"><span class="refentrytitle">glDepthRange</span></span></a>,
            <a class="citerefentry" href="glStencilMask.xml"><span class="citerefentry"><span class="refentrytitle">glStencilMask</span></span></a>
        </p></div><div class="refsect1"><a id="Copyright"></a><h2>Copyright</h2><p>
            Copyright <span class="trademark"></span>© 1991-2006
            Silicon Graphics, Inc.
            Copyright <span class="trademark"></span>© 2012
            Khronos Group.
            This document is licensed under the SGI
            Free Software B License. For details, see
            <a class="ulink" href="http://oss.sgi.com/projects/FreeB/" target="_top">http://oss.sgi.com/projects/FreeB/</a>.
        </p></div></div></body></html>