<?xml version="1.0" encoding="UTF-8"?>
<!DOCTYPE html PUBLIC "-//W3C//DTD XHTML 1.0 Transitional//EN" "xhtml1-transitional.dtd">
<!-- saved from url=(0013)about:internet -->
<?xml-stylesheet type="text/xsl" href="mathml.xsl"?><html xmlns="http://www.w3.org/1999/xhtml" xmlns:pref="http://www.w3.org/2002/Math/preference" pref:renderer="mathplayer-dl"><head><meta http-equiv="Content-Type" content="text/html; charset=UTF-8" /><title>REFENTRY WITHOUT TITLE???</title><meta name="generator" content="DocBook XSL Stylesheets V1.69.1" /></head><body><div class="refentry" lang="en" xml:lang="en"><a id="glWriteMe"></a><div class="titlepage"></div><div class="refsynopsisdiv"><h2>WRITE ME!</h2></div></div></body></html>
