<?xml version="1.0" encoding="UTF-8"?>
<!DOCTYPE html PUBLIC "-//W3C//DTD XHTML 1.0 Transitional//EN" "xhtml1-transitional.dtd"><!-- saved from url=(0013)about:internet -->
<?xml-stylesheet type="text/xsl" href="mathml.xsl"?><html xmlns="http://www.w3.org/1999/xhtml" xmlns:pref="http://www.w3.org/2002/Math/preference" pref:renderer="mathplayer-dl"><head><meta http-equiv="Content-Type" content="text/html; charset=UTF-8" /><link rel="stylesheet" type="text/css" href="opengl-man.css" /><title>glEnableVertexAttribArray - OpenGL 3.3 Reference Pages</title><meta name="generator" content="DocBook XSL Stylesheets V1.78.1" /></head><body><div class="refentry"><a id="glEnableVertexAttribArray"></a><div class="titlepage"></div><div class="refnamediv"><h2>Name</h2><p>glEnableVertexAttribArray — Enable or disable a generic vertex attribute array</p></div><div class="refsynopsisdiv"><h2>C Specification</h2><div class="funcsynopsis"><table border="0" class="funcprototype-table" summary="Function synopsis" style="cellspacing: 0; cellpadding: 0;"><tr><td><code class="funcdef">void <strong class="fsfunc">glEnableVertexAttribArray</strong>(</code></td><td>GLuint <var class="pdparam">index</var><code>)</code>;</td></tr></table><div class="funcprototype-spacer"> </div><table border="0" class="funcprototype-table" summary="Function synopsis" style="cellspacing: 0; cellpadding: 0;"><tr><td><code class="funcdef">void <strong class="fsfunc">glDisableVertexAttribArray</strong>(</code></td><td>GLuint <var class="pdparam">index</var><code>)</code>;</td></tr></table><div class="funcprototype-spacer"> </div></div></div><div class="refsect1"><a id="parameters"></a><h2>Parameters</h2><div class="variablelist"><dl class="variablelist"><dt><span class="term"><em class="parameter"><code>index</code></em></span></dt><dd><p>Specifies the index of the generic vertex
            attribute to be enabled or disabled.</p></dd></dl></div></div><div class="refsect1"><a id="description"></a><h2>Description</h2><p><code class="function">glEnableVertexAttribArray</code> enables the
    generic vertex attribute array specified by
    <em class="parameter"><code>index</code></em>.
    <code class="function">glDisableVertexAttribArray</code> disables the
    generic vertex attribute array specified by
    <em class="parameter"><code>index</code></em>. By default, all client-side
    capabilities are disabled, including all generic vertex
    attribute arrays. If enabled, the values in the generic vertex
    attribute array will be accessed and used for rendering when
    calls are made to vertex array commands such as
    <a class="citerefentry" href="glDrawArrays.xml"><span class="citerefentry"><span class="refentrytitle">glDrawArrays</span></span></a>,
    <a class="citerefentry" href="glDrawElements.xml"><span class="citerefentry"><span class="refentrytitle">glDrawElements</span></span></a>,
    <a class="citerefentry" href="glDrawRangeElements.xml"><span class="citerefentry"><span class="refentrytitle">glDrawRangeElements</span></span></a>,
    <a class="citerefentry" href="glMultiDrawElements.xml"><span class="citerefentry"><span class="refentrytitle">glMultiDrawElements</span></span></a>,
    or
    <a class="citerefentry" href="glMultiDrawArrays.xml"><span class="citerefentry"><span class="refentrytitle">glMultiDrawArrays</span></span></a>.</p></div><div class="refsect1"><a id="errors"></a><h2>Errors</h2><p><code class="constant">GL_INVALID_VALUE</code> is generated if
    <em class="parameter"><code>index</code></em> is greater than or equal to
    <code class="constant">GL_MAX_VERTEX_ATTRIBS</code>.</p></div><div class="refsect1"><a id="associatedgets"></a><h2>Associated Gets</h2><p><a class="citerefentry" href="glGet.xml"><span class="citerefentry"><span class="refentrytitle">glGet</span></span></a>
    with argument <code class="constant">GL_MAX_VERTEX_ATTRIBS</code></p><p><a class="citerefentry" href="glGetVertexAttrib.xml"><span class="citerefentry"><span class="refentrytitle">glGetVertexAttrib</span></span></a>
    with arguments <em class="parameter"><code>index</code></em> and
    <code class="constant">GL_VERTEX_ATTRIB_ARRAY_ENABLED</code>
    <em class="parameter"><code></code></em></p><p><a class="citerefentry" href="glGetVertexAttribPointerv.xml"><span class="citerefentry"><span class="refentrytitle">glGetVertexAttribPointerv</span></span></a>
    with arguments <em class="parameter"><code>index</code></em> and
    <code class="constant">GL_VERTEX_ATTRIB_ARRAY_POINTER</code></p></div><div class="refsect1"><a id="seealso"></a><h2>See Also</h2><p>
    <a class="citerefentry" href="glBindAttribLocation.xml"><span class="citerefentry"><span class="refentrytitle">glBindAttribLocation</span></span></a>,
    <a class="citerefentry" href="glDrawArrays.xml"><span class="citerefentry"><span class="refentrytitle">glDrawArrays</span></span></a>,
    <a class="citerefentry" href="glDrawElements.xml"><span class="citerefentry"><span class="refentrytitle">glDrawElements</span></span></a>,
    <a class="citerefentry" href="glDrawRangeElements.xml"><span class="citerefentry"><span class="refentrytitle">glDrawRangeElements</span></span></a>,
    <a class="citerefentry" href="glMultiDrawElements.xml"><span class="citerefentry"><span class="refentrytitle">glMultiDrawElements</span></span></a>,
    <a class="citerefentry" href="glVertexAttrib.xml"><span class="citerefentry"><span class="refentrytitle">glVertexAttrib</span></span></a>,
    <a class="citerefentry" href="glVertexAttribPointer.xml"><span class="citerefentry"><span class="refentrytitle">glVertexAttribPointer</span></span></a>
    </p></div><div class="refsect1"><a id="Copyright"></a><h2>Copyright</h2><p>
            Copyright <span class="trademark"></span>© 2003-2005 3Dlabs Inc. Ltd. 
            This material may be distributed subject to the terms and conditions set forth in 
            the Open Publication License, v 1.0, 8 June 1999.
            <a class="ulink" href="http://opencontent.org/openpub/" target="_top">http://opencontent.org/openpub/</a>.
        </p></div></div></body></html>