<?xml version="1.0" encoding="UTF-8"?>
<!DOCTYPE html PUBLIC "-//W3C//DTD XHTML 1.0 Transitional//EN" "xhtml1-transitional.dtd"><!-- saved from url=(0013)about:internet -->
<?xml-stylesheet type="text/xsl" href="mathml.xsl"?><html xmlns="http://www.w3.org/1999/xhtml" xmlns:pref="http://www.w3.org/2002/Math/preference" pref:renderer="mathplayer-dl"><head><meta http-equiv="Content-Type" content="text/html; charset=UTF-8" /><link rel="stylesheet" type="text/css" href="opengl-man.css" /><title>glGenQueries - OpenGL 3.3 Reference Pages</title><meta name="generator" content="DocBook XSL Stylesheets V1.78.1" /></head><body><div class="refentry"><a id="glGenQueries"></a><div class="titlepage"></div><div class="refnamediv"><h2>Name</h2><p>glGenQueries — generate query object names</p></div><div class="refsynopsisdiv"><h2>C Specification</h2><div class="funcsynopsis"><table border="0" class="funcprototype-table" summary="Function synopsis" style="cellspacing: 0; cellpadding: 0;"><tr><td><code class="funcdef">void <strong class="fsfunc">glGenQueries</strong>(</code></td><td>GLsizei <var class="pdparam">n</var>, </td></tr><tr><td> </td><td>GLuint * <var class="pdparam">ids</var><code>)</code>;</td></tr></table><div class="funcprototype-spacer"> </div></div></div><div class="refsect1"><a id="parameters"></a><h2>Parameters</h2><div class="variablelist"><dl class="variablelist"><dt><span class="term"><em class="parameter"><code>n</code></em></span></dt><dd><p>
                    Specifies the number of query object names to be generated.
                </p></dd><dt><span class="term"><em class="parameter"><code>ids</code></em></span></dt><dd><p>
                    Specifies an array in which the generated query object names are stored.
                </p></dd></dl></div></div><div class="refsect1"><a id="description"></a><h2>Description</h2><p>
            <code class="function">glGenQueries</code> returns <em class="parameter"><code>n</code></em> query object names in <em class="parameter"><code>ids</code></em>.
            There is no guarantee that the names form a contiguous set of integers;
            however, it is guaranteed that none of the returned names was in use
            immediately before the call to <code class="function">glGenQueries</code>.
        </p><p>
            Query object names returned by a call to <code class="function">glGenQueries</code> are not returned by
            subsequent calls, unless they are first deleted with
            <a class="citerefentry" href="glDeleteQueries.xml"><span class="citerefentry"><span class="refentrytitle">glDeleteQueries</span></span></a>.  
        </p><p>
            No query objects are associated with the returned query object names until they are first used by calling
            <a class="citerefentry" href="glBeginQuery.xml"><span class="citerefentry"><span class="refentrytitle">glBeginQuery</span></span></a>.
        </p></div><div class="refsect1"><a id="errors"></a><h2>Errors</h2><p>
            <code class="constant">GL_INVALID_VALUE</code> is generated if <em class="parameter"><code>n</code></em> is negative.
        </p></div><div class="refsect1"><a id="associatedgets"></a><h2>Associated Gets</h2><p>
            <a class="citerefentry" href="glIsQuery.xml"><span class="citerefentry"><span class="refentrytitle">glIsQuery</span></span></a>
        </p></div><div class="refsect1"><a id="seealso"></a><h2>See Also</h2><p>
            <a class="citerefentry" href="glBeginQuery.xml"><span class="citerefentry"><span class="refentrytitle">glBeginQuery</span></span></a>,
            <a class="citerefentry" href="glDeleteQueries.xml"><span class="citerefentry"><span class="refentrytitle">glDeleteQueries</span></span></a>,
            <a class="citerefentry" href="glEndQuery.xml"><span class="citerefentry"><span class="refentrytitle">glEndQuery</span></span></a>
        </p></div><div class="refsect1"><a id="Copyright"></a><h2>Copyright</h2><p>
            Copyright <span class="trademark"></span>© 2005 Addison-Wesley. 
            This material may be distributed subject to the terms and conditions set forth in 
            the Open Publication License, v 1.0, 8 June 1999.
            <a class="ulink" href="http://opencontent.org/openpub/" target="_top">http://opencontent.org/openpub/</a>.
        </p></div></div></body></html>