<?xml version="1.0" encoding="UTF-8"?>
<!DOCTYPE html PUBLIC "-//W3C//DTD XHTML 1.0 Transitional//EN" "xhtml1-transitional.dtd"><!-- saved from url=(0013)about:internet -->
<?xml-stylesheet type="text/xsl" href="mathml.xsl"?><html xmlns="http://www.w3.org/1999/xhtml" xmlns:pref="http://www.w3.org/2002/Math/preference" pref:renderer="mathplayer-dl"><head><meta http-equiv="Content-Type" content="text/html; charset=UTF-8" /><link rel="stylesheet" type="text/css" href="opengl-man.css" /><title>glGetBufferParameteriv - OpenGL 3.3 Reference Pages</title><meta name="generator" content="DocBook XSL Stylesheets V1.78.1" /></head><body><div class="refentry"><a id="glGetBufferParameter"></a><div class="titlepage"></div><div class="refnamediv"><h2>Name</h2><p>glGetBufferParameteriv — return parameters of a buffer object</p></div><div class="refsynopsisdiv"><h2>C Specification</h2><div class="funcsynopsis"><table border="0" class="funcprototype-table" summary="Function synopsis" style="cellspacing: 0; cellpadding: 0;"><tr><td><code class="funcdef">void <strong class="fsfunc">glGetBufferParameteriv</strong>(</code></td><td>GLenum <var class="pdparam">target</var>, </td></tr><tr><td> </td><td>GLenum <var class="pdparam">value</var>, </td></tr><tr><td> </td><td>GLint * <var class="pdparam">data</var><code>)</code>;</td></tr></table><div class="funcprototype-spacer"> </div></div><div class="funcsynopsis"><table border="0" class="funcprototype-table" summary="Function synopsis" style="cellspacing: 0; cellpadding: 0;"><tr><td><code class="funcdef">void <strong class="fsfunc">glGetBufferParameteri64v</strong>(</code></td><td>GLenum <var class="pdparam">target</var>, </td></tr><tr><td> </td><td>GLenum <var class="pdparam">value</var>, </td></tr><tr><td> </td><td>GLint64 * <var class="pdparam">data</var><code>)</code>;</td></tr></table><div class="funcprototype-spacer"> </div></div></div><div class="refsect1"><a id="parameters"></a><h2>Parameters</h2><div class="variablelist"><dl class="variablelist"><dt><span class="term"><em class="parameter"><code>target</code></em></span></dt><dd><p>
                    Specifies the target buffer object.
                    The symbolic constant must be <code class="constant">GL_ARRAY_BUFFER</code>,
                    <code class="constant">GL_COPY_READ_BUFFER</code>,
                    <code class="constant">GL_COPY_WRITE_BUFFER</code>,
                    <code class="constant">GL_ELEMENT_ARRAY_BUFFER</code>,
                    <code class="constant">GL_PIXEL_PACK_BUFFER</code>,
                    <code class="constant">GL_PIXEL_UNPACK_BUFFER</code>,
                    <code class="constant">GL_TEXTURE_BUFFER</code>,
                    <code class="constant">GL_TRANSFORM_FEEDBACK_BUFFER</code>, or
                    <code class="constant">GL_UNIFORM_BUFFER</code>.
                </p></dd><dt><span class="term"><em class="parameter"><code>value</code></em></span></dt><dd><p>
                    Specifies the symbolic name of a buffer object parameter.
                    Accepted values are <code class="constant">GL_BUFFER_ACCESS</code>, <code class="constant">GL_BUFFER_MAPPED</code>, 
                    <code class="constant">GL_BUFFER_SIZE</code>, or <code class="constant">GL_BUFFER_USAGE</code>.
                </p></dd><dt><span class="term"><em class="parameter"><code>data</code></em></span></dt><dd><p>
                    Returns the requested parameter.
                </p></dd></dl></div></div><div class="refsect1"><a id="description"></a><h2>Description</h2><p>
            <code class="function">glGetBufferParameteriv</code> returns in <em class="parameter"><code>data</code></em> a selected parameter of the buffer object
            specified by <em class="parameter"><code>target</code></em>.
        </p><p>
            <em class="parameter"><code>value</code></em> names a specific buffer object parameter, as follows:
        </p><div class="variablelist"><dl class="variablelist"><dt><span class="term"><code class="constant">GL_BUFFER_ACCESS</code></span></dt><dd><p>
                        <em class="parameter"><code>params</code></em> returns the access policy set while mapping the buffer object.  
                        The initial value is <code class="constant">GL_READ_WRITE</code>.
                    </p></dd><dt><span class="term"><code class="constant">GL_BUFFER_MAPPED</code></span></dt><dd><p>
                        <em class="parameter"><code>params</code></em> returns a flag indicating whether the buffer object is currently 
                        mapped. The initial value is <code class="constant">GL_FALSE</code>.
                    </p></dd><dt><span class="term"><code class="constant">GL_BUFFER_SIZE</code></span></dt><dd><p>
                        <em class="parameter"><code>params</code></em> returns the size of the buffer object, measured in bytes.  
                        The initial value is 0.
                    </p></dd><dt><span class="term"><code class="constant">GL_BUFFER_USAGE</code></span></dt><dd><p>
                        <em class="parameter"><code>params</code></em> returns the buffer object's usage pattern.  The initial value is
                        <code class="constant">GL_STATIC_DRAW</code>.
                    </p></dd></dl></div></div><div class="refsect1"><a id="notes"></a><h2>Notes</h2><p>
            If an error is generated,
            no change is made to the contents of <em class="parameter"><code>data</code></em>.
        </p><p>
            <code class="function">glGetBufferParameteri64v</code> is available only if the GL version is 3.2 or higher.
        </p></div><div class="refsect1"><a id="errors"></a><h2>Errors</h2><p>
            <code class="constant">GL_INVALID_ENUM</code> is generated if <em class="parameter"><code>target</code></em> or <em class="parameter"><code>value</code></em> is not an
            accepted value.
        </p><p>
            <code class="constant">GL_INVALID_OPERATION</code> is generated if the reserved buffer object name 0 is bound to <em class="parameter"><code>target</code></em>.
        </p></div><div class="refsect1"><a id="seealso"></a><h2>See Also</h2><p>
            <a class="citerefentry" href="glBindBuffer.xml"><span class="citerefentry"><span class="refentrytitle">glBindBuffer</span></span></a>,
            <a class="citerefentry" href="glBufferData.xml"><span class="citerefentry"><span class="refentrytitle">glBufferData</span></span></a>,
            <a class="citerefentry" href="glMapBuffer.xml"><span class="citerefentry"><span class="refentrytitle">glMapBuffer</span></span></a>,
            <a class="citerefentry" href="glUnmapBuffer.xml"><span class="citerefentry"><span class="refentrytitle">glUnmapBuffer</span></span></a>
        </p></div><div class="refsect1"><a id="Copyright"></a><h2>Copyright</h2><p>
            Copyright <span class="trademark"></span>© 2005 Addison-Wesley. 
            Copyright <span class="trademark"></span>© 2010-2013 Khronos Group. 
            This material may be distributed subject to the terms and conditions set forth in 
            the Open Publication License, v 1.0, 8 June 1999.
            <a class="ulink" href="http://opencontent.org/openpub/" target="_top">http://opencontent.org/openpub/</a>.
        </p></div></div></body></html>